                                            ***EXPERIMENT NO: 2.3 -PL/SQL PROGRAMS â€“ TRIGGER***


1.Create a trigger to handle updates to the customer table.
  
mysql> CREATE TRIGGER CUS2 BEFORE UPDATE ON Customer FOR EACH ROW BEGIN INSERT INTO CUST1 SET id=OLD.id,name=OLD.name,address=OLD.address,city=OLD.city,ph_no=old.ph_no; END
    -> //
Query OK, 0 rows affected (0.07 sec)

mysql> UPDATE CUSTOMER SET city='calicut' where id=100;
   -> //
Query OK, 1 row affected (0.04 sec)
Rows matched: 1  Changed: 1  Warnings: 0

mysql> UPDATE CUSTOMER SET city='malappuram' where id=107;
    -> //

Query OK, 1 row affected (0.16 sec)
Rows matched: 1  Changed: 1  Warnings: 0

mysql> select * from Customer;
   -> //
+-----+----------+----------------+------------+-----------+
| id  | name     | address        | city       | ph_no     |
+-----+----------+----------------+------------+-----------+
| 100 | Maanas   | kalanthode     | calicut    | 999275288 |
| 101 | ashwin   | thamarssery    | calicut    |  99345672 |
| 102 | hari     | mannarkad      | palakkad   | 987654322 |
| 103 | hiba     | anakayam       | malappuram |  98456732 |
| 104 | karthik  | perinthalmanna | malappuram | 984534567 |
| 105 | sreya    | kunnamkulam    | thrissur   | 984321567 |
| 106 | minhaj   | edavanna       | malappuram |      NULL |
| 107 | nileena  | iritty         | kannur     |      NULL |
| 108 | ashwathy | vadakara       | malappuram | 994321567 |
+-----+----------+----------------+------------+-----------+
9 rows in set (0.00 sec)


mysql> select * from CUST1;
    -> //

+-----+--------+----------------------+------------+----------+
| id  | name   | address              | city       |  ph_no   |
+-----+--------+----------------------+------------+----------+
| 100 | Maanas | kalanthode           | mukkam     | 999275288|
| 102 | minhaj | edavanna             | manjeri    | NULL     |
+-----+--------+----------------------+------------+----------+
2 rows in set (0.01 sec)



---------------------------------------------------------------------




2. Create a trigger to handle inserts to the product relation ( if price < 5 the set price to 10)



mysql> delimiter //
mysql> SELECT * FROM Product
    -> //



+-----+--------+-------+
| pid | pname  | price |
+-----+--------+-------+
|   1 | pen    |    10 |
|   2 | book   |    51 |
|   3 | pencil |     5 |
|   4 | eraser |     3 |
|   5 | scale  |     5 |
|   6 | box    |    51 |
|   7 | bag    |   663 |
+-----+--------+-------+
7 rows in set (0.00 sec)



mysql>  create trigger product_relation before insert on Product for each row begin if new.price < 5 then set new.price=10;end if; end 
    -> //
Query OK, 0 rows affected (0.07 sec)

mysql> insert into Product values(8,'text',40);
    -> //
Query OK, 1 row affected (0.36 sec)

mysql> select * from Product;
    -> //
+-----+--------+-------+
| pid | pname  | price |
+-----+--------+-------+
|   1 | pen    |    15 |
|   2 | book   |    56 |
|   3 | pencil |    10 |
|   4 | eraser |     8 |
|   5 | scale  |    10 |
|   6 | box    |    56 |
|   7 | bag    |   668 |
|   8 | text   |    40 |
+-----+--------+-------+
8 rows in set (0.01 sec)

