                                                         1.2 DML COMMANDS 
                                                    --------------------------

                                                       a) DML COMMANDS-INSERT
                                                     -------------------------

 1. Insert values in EMPLOYEE table.


mysql> insert into PERSON values(1,'hari','perinthalmanna',1949,1234500), (2,'kichu','perinthalmanna',2000,4568109), (3,'vysh','perithalmanna',2001,1237896)
(10,"sreya","thrissur",2001,122536246)
( 14,"nileena","kannur",1999,12255557)
(13,"Minhaj","Malappuram",1999,567329876)
(5,"ashwin","calicut",2000,56733245);
Query OK, 3 rows affected (0.05 sec)
Records: 3  Duplicates: 0  Warnings: 0

mysql> select * from PERSON;
+------+---------+----------------+------+-----------+
| SSN  | name    | city           | dob  | adhar_no  |
+------+---------+----------------+------+-----------+
|    1 | hari    | perinthalmanna | 1949 |   1234500 |
|    2 | kichu   | perinthalmanna | 2000 |   4568109 |
|    3 | vysh    | perithalmanna  | 2001 |   1237896 |
|   10 | sreya   | thrissur       | 2001 | 122536246 |
|   14 | nileena | kannur         | 1999 |  12255557 |
|   13 | Minhaj  | Malappuram     | 1999 | 567329876 |
|    5 | ashwin  | calicut        | 2000 |  56733245 |
+------+---------+----------------+------+-----------+
7 rows in set (0.00 sec)

-----------------------------------------------------------------------------------------------------------------------------------------------

 2.   Insert values in STUDENT table.

mysql> insert into STUDENT values(12341,"Maanas","21"," thamarassery ","m");Query OK, 1 row affected (0.07 sec)

mysql> insert into STUDENT values(23455,"sreya","21"," thrissur ","f");
Query OK, 1 row affected (0.05 sec)

mysql> insert into STUDENT values(32321,"akshay","24"," kunnamangalam ","m");
Query OK, 1 row affected (0.05 sec)

mysql> insert into STUDENT values(65432,"vyshnav","22"," perinthalmanna ","m");

Query OK, 1 row affected (0.06 sec)

mysql>insert into STUDENT values(65732,"vishnu","22"," thamarassery ","m");Query OK, 1 row affected (0.04 sec)

mysql> insert into STUDENT values(89233,"anjana","23"," wayanad ","f");
Query OK, 1 row affected (0.06 sec)

mysql> insert into STUDENT values(20054,"karthik","22"," malappuram ","m");
Query OK, 1 row affected (0.05 sec)


mysql> select * from STUDENT;
+---------+---------+------+------------------+--------+
| roll_no | Name    | age  | address          | gender |
+---------+---------+------+------------------+--------+
|   12341 | Maanas  |   21 |  thamarassery    | m      |
|   20054 | karthik |   22 |  malappuram      | m      |
|   23455 | sreya   |   21 |  thrissur        | f      |
|   32321 | akshay  |   24 |  kunnamangalam   | m      |
|   65432 | vyshnav |   22 |  perinthalmanna  | m      |
|   65732 | vishnu  |   22 |  thamarassery    | m      |
|   89233 | anjana  |   23 |  wayanad         | f      |
+---------+---------+------+------------------+--------+
7 rows in set (0.00 sec)


------------------------------------------------------------------------------------------------------------------------------------------------


3.Insert values in INVOICE database. 

mysql> USE INVOICE;
Reading table information for completion of table and column names
You can turn off this feature to get a quicker startup with -A

Database changed

->CUSTOMER TABLE
------------------

insert into Customer  values(100,"Maanas","Palakkunnummal House","Kozhikode", 883244567);
Query OK, 1 row affected (0.05 sec)

insert into Customer  values (101,"ashwin","thamarssery","Kozhikode",99345672);
Query OK, 1 row affected (0.05 sec)


insert into Customer  values(102,"hari","mannarkad","palakkad",987654322);
Query OK, 1 row affected (0.03 sec)

insert into Customer  values(103,"hiba","anakayam","malappuram",98456732);
Query OK, 1 row affected (0.07 sec)

insert into Customer  values (104,"karthik","perinthalmanna","malappuram",984534567);
Query OK, 1 row affected (0.07 sec)


insert into Customer  values(105,"sreya","kunnamkulam","thrissur",984321567);
Query OK, 1 row affected (0.07 sec)

insert into Customer  values(106,"minhaj","manjeri","malappuram",999527528);
Query OK, 1 row affected (0.05 sec)

mysql> select * from Customer;
+-----+---------+----------------------+------------+-----------+
| id  | name    | address              | city       | ph_no     |
+-----+---------+----------------------+------------+-----------+
| 100 | Maanas  | Palakkunnummal House | Kozhikode  | 883244567 |
| 101 | ashwin  | thamarssery          | Kozhikode  |  99345672 |
| 102 | hari    | mannarkad            | palakkad   | 987654322 |
| 103 | hiba    | anakayam             | malappuram |  98456732 |
| 104 | karthik | perinthalmanna       | malappuram | 984534567 |
| 105 | sreya   | kunnamkulam          | thrissur   | 984321567 |
| 106 | minhaj  | manjeri              | malappuram | 999527528 |
+-----+---------+----------------------+------------+-----------+
7 rows in set (0.00 sec)


Product table
----------------

mysql> insert into Product values(1,"pen",10);
Query OK, 1 row affected (0.47 sec)

mysql> insert into Product values(2,"book",50);
Query OK, 1 row affected (0.05 sec)

mysql> insert into Product values(3,"pencil",5);
Query OK, 1 row affected (0.04 sec)

mysql> insert into Product values(4,"eraser",3);
Query OK, 1 row affected (0.03 sec)

mysql> insert into Product values(5,"scale",5);
Query OK, 1 row affected (0.04 sec)

mysql> insert into Product values(6,"box",50);
Query OK, 1 row affected (0.05 sec)

mysql> insert into Product values(7,"bag",700);
Query OK, 1 row affected (0.03 sec)

mysql> select * from Product;
+-----+--------+-------+
| pid | pname  | price |
+-----+--------+-------+
|   1 | pen    |    10 |
|   2 | book   |    50 |
|   3 | pencil |     5 |
|   4 | eraser |     3 |
|   5 | scale  |     5 |
|   6 | box    |    50 |
|   7 | bag    |   700 |
+-----+--------+-------+
7 rows in set (0.00 sec)


->INVOICE MASTER TABLE
  ------------------

mysql> insert into Invoice_master values(1002,100,"2023-03-22"),(1004,102,"2023-05-10"),(1003,100,"2024-01-05"),(1005,103,"2023-09-29"),(1008,100,"2023-03-22"),(1010,104,"2023-04-18"),(1015,105,"2023-07-15");
Query OK, 7 rows affected (0.05 sec)
Records: 7  Duplicates: 0  Warnings: 0

mysql> select * from Invoice_master;
+--------+---------+------------+
| inv_id | cust_id | inv_date   |
+--------+---------+------------+
|   1002 |     100 | 2023-03-22 |
|   1003 |     100 | 2024-01-05 |
|   1004 |     102 | 2023-05-10 |
|   1005 |     103 | 2023-09-29 |
|   1008 |     100 | 2023-03-22 |
|   1010 |     104 | 2023-04-18 |
|   1015 |     105 | 2023-07-15 |
+--------+---------+------------+
7 rows in set (0.00 sec)

INVOICE ITEM TABLE
-------------------

mysql> insert into Invoice_item values(1004,1,50),(1010,5,35),(1008,7,40),(1015,3,45),(1002,4,5),(1005,6,25),(1010,2,100);
Query OK, 5 rows affected (0.05 sec)
Records: 5  Duplicates: 0  Warnings: 0

mysql> select * from Invoice_item;
+--------+------+----------+
| inv_id | pid  | quantity |
+--------+------+----------+
|   1004 |    1 |       50 |
|   1010 |    5 |       35 |
|   1008 |    7 |       40 |
|   1015 |    3 |       45 |
|   1002 |    4 |        5 |
|   1005 |    6 |       25 |
|   1010 |    2 |      100 |
+--------+------+----------+
7 rows in set (0.00 sec)

----------------------------------------------------------------------------------------------------------------------------------------------



                                                             b)DML COMMANDS- UPDATE
                                                       --------------------------------


 1. Update the price of a particular product. 





mysql> select * from Product;
+-----+--------+-------+
| pid | pname  | price |
+-----+--------+-------+
|   1 | pen    |    10 |
|   2 | book   |    50 |
|   3 | pencil |     5 |
|   4 | eraser |     3 |
|   5 | scale  |     5 |
|   6 | box    |    50 |
|   7 | bag    |   700 |
+-----+--------+-------+
7 rows in set (0.00 sec)

mysql> update Product set price=650 where pid=7;
Query OK, 1 row affected (0.14 sec)
Rows matched: 1  Changed: 1  Warnings: 0

mysql> select * from Product;
+-----+--------+-------+
| pid | pname  | price |
+-----+--------+-------+
|   1 | pen    |    10 |
|   2 | book   |    50 |
|   3 | pencil |     5 |
|   4 | eraser |     3 |
|   5 | scale  |     5 |
|   6 | box    |    50 |
|   7 | bag    |   650 |
+-----+--------+-------+
7 rows in set (0.00 sec)

----------------------------------------------------------------------------------------------------------------------------------------------



2. Change the name of city ‘calicut’ to ‘kozhikode’ in the customer table.

mysql> select * from Customer;
+-----+---------+----------------------+------------+-----------+
| id  | name    | address              | city       | ph_no     |
+-----+---------+----------------------+------------+-----------+
| 100 | Maanas  | Palakkunnummal House | Kozhikode  | 883244567 |
| 101 | ashwin  | thamarssery          | Kozhikode  |  99345672 |
| 102 | hari    | mannarkad            | palakkad   | 987654322 |
| 103 | hiba    | anakayam             | malappuram |  98456732 |
| 104 | karthik | perinthalmanna       | malappuram | 984534567 |
| 105 | sreya   | kunnamkulam          | thrissur   | 984321567 |
| 106 | minhaj  | manjeri              | malappuram | 999527528 |
+-----+---------+----------------------+------------+-----------+
7 rows in set (0.00 sec)

mysql> update Customer set city='calicut' where city='kozhikode';
Query OK, 2 rows affected (0.05 sec)
Rows matched: 2  Changed: 2  Warnings: 0

mysql> select * from Customer;
+-----+---------+----------------------+------------+-----------+
| id  | name    | address              | city       | ph_no     |
+-----+---------+----------------------+------------+-----------+
| 100 | Maanas  | Palakkunnummal House | calicut    | 883244567 |
| 101 | ashwin  | thamarssery          | calicut    |  99345672 |
| 102 | hari    | mannarkad            | palakkad   | 987654322 |
| 103 | hiba    | anakayam             | malappuram |  98456732 |
| 104 | karthik | perinthalmanna       | malappuram | 984534567 |
| 105 | sreya   | kunnamkulam          | thrissur   | 984321567 |
| 106 | minhaj  | manjeri              | malappuram | 999527528 |
+-----+---------+----------------------+------------+-----------+
7 rows in set (0.00 sec)


----------------------------------------------------------------------------------------------------------------------------------------------


3. Update all prices with 2% of its original price.



mysql> select * from Product;
+-----+--------+-------+new
| pid | pname  | price |
+-----+--------+-------+
|   1 | pen    |    10 |
|   2 | book   |    50 |
|   3 | pencil |     5 |
|   4 | eraser |     3 |
|   5 | scale  |     5 |
|   6 | box    |    50 |
|   7 | bag    |   650 |
+-----+--------+-------+
7 rows in set (0.00 sec)

mysql> update Product set price=price+(price*2/100);
Query OK, 3 rows affected (0.05 sec)
Rows matched: 7  Changed: 3  Warnings: 0

mysql> select * from Product;
+-----+--------+-------+
| pid | pname  | price |
+-----+--------+-------+
|   1 | pen    |    10 |
|   2 | book   |    51 |
|   3 | pencil |     5 |
|   4 | eraser |     3 |
|   5 | scale  |     5 |
|   6 | box    |    51 |
|   7 | bag    |   663 |
+-----+--------+-------+
7 rows in set (0.00 sec)


---------------------------------------------------------------------------------------------------------------------------------------------------

  4. Change the address, city, phone number of a particular customer. 


mysql> update Customer set address="kalanthode",city="mukkam",ph_no=999275288 where id=100;
Query OK, 1 row affected (0.05 sec)
Rows matched: 1  Changed: 1  Warnings: 0

mysql> select * from Customer;
+-----+---------+----------------+------------+-----------+
| id  | name    | address        | city       | ph_no     |
+-----+---------+----------------+------------+-----------+
| 100 | Maanas  | kalanthode     | mukkam     | 999275288 |
| 101 | ashwin  | thamarssery    | calicut    |  99345672 |
| 102 | hari    | mannarkad      | palakkad   | 987654322 |
| 103 | hiba    | anakayam       | malappuram |  98456732 |
| 104 | karthik | perinthalmanna | malappuram | 984534567 |
| 105 | sreya   | kunnamkulam    | thrissur   | 984321567 |
| 106 | minhaj  | manjeri        | malappuram | 999527528 |
+-----+---------+----------------+------------+-----------+
7 rows in set (0.00 sec)





--------------------------------------------------------------------------------------------------------------------------------------------------


  5. Change the quantity of a purchased product of inv_id ‘1002’

mysql> select * from Invoice_item;
+--------+------+----------+
| inv_id | pid  | quantity |
+--------+------+----------+
|   1004 |    1 |       50 |
|   1010 |    5 |       35 |
|   1008 |    7 |       40 |
|   1015 |    3 |       45 |
|   1002 |    4 |        5 |
|   1005 |    6 |       25 |
|   1010 |    2 |      100 |
+--------+------+----------+
7 rows in set (0.00 sec)

mysql> update Invoice_item set quantity=10 where inv_id=1002;
Query OK, 1 row affected (0.03 sec)
Rows matched: 1  Changed: 1  Warnings: 0

mysql> select * from Invoice_item;
+--------+------+----------+
| inv_id | pid  | quantity |
+--------+------+----------+
|   1004 |    1 |       50 |
|   1010 |    5 |       35 |
|   1008 |    7 |       40 |
|   1015 |    3 |       45 |
|   1002 |    4 |       10 |
|   1005 |    6 |       25 |
|   1010 |    2 |      100 |
+--------+------+----------+
7 rows in set (0.00 sec)

------------------------------------------------------------------------------------------------------------------------------------------------



                c) DML COMMAND- DELETE
         ------------------------------------





 1. Delete the record of customer id ‘106’. 

mysql> select * from Customer;
+-----+---------+----------------+------------+-----------+
| id  | name    | address        | city       | ph_no     |
+-----+---------+----------------+------------+-----------+
| 100 | Maanas  | kalanthode     | mukkam     | 999275288 |
| 101 | ashwin  | thamarssery    | calicut    |  99345672 |
| 102 | hari    | mannarkad      | palakkad   | 987654322 |
| 103 | hiba    | anakayam       | malappuram |  98456732 |
| 104 | karthik | perinthalmanna | malappuram | 984534567 |
| 105 | sreya   | kunnamkulam    | thrissur   | 984321567 |
| 106 | minhaj  | manjeri        | malappuram | 999527528 |
+-----+---------+----------------+------------+-----------+
7 rows in set (0.00 sec)

mysql> delete from Customer where id=106;
Query OK, 1 row affected (0.04 sec)

mysql> select * from Customer;
+-----+---------+----------------+------------+-----------+
| id  | name    | address        | city       | ph_no     |
+-----+---------+----------------+------------+-----------+
| 100 | Maanas  | kalanthode     | mukkam     | 999275288 |
| 101 | ashwin  | thamarssery    | calicut    |  99345672 |
| 102 | hari    | mannarkad      | palakkad   | 987654322 |
| 103 | hiba    | anakayam       | malappuram |  98456732 |
| 104 | karthik | perinthalmanna | malappuram | 984534567 |
| 105 | sreya   | kunnamkulam    | thrissur   | 984321567 |
+-----+---------+----------------+------------+-----------+
6 rows in set (0.00 sec)

----------------------------------------------------------------------------------------------------------------------------------------------

 2. Delete all purchase details of items its quantity less than 20.



mysql> select * from Invoice_item;
+--------+------+----------+
| inv_id | pid  | quantity |
+--------+------+----------+
|   1004 |    1 |       50 |
|   1010 |    5 |       35 |
|   1008 |    7 |       40 |
|   1015 |    3 |       45 |
|   1002 |    4 |       10 |
|   1005 |    6 |       25 |
|   1010 |    2 |      100 |
+--------+------+----------+
7 rows in set (0.00 sec)

mysql> delete from Invoice_item where quantity<30;
Query OK, 2 rows affected (0.04 sec)

mysql> select * from Invoice_item;
+--------+------+----------+
| inv_id | pid  | quantity |
+--------+------+----------+
|   1004 |    1 |       50 |
|   1010 |    5 |       35 |
|   1008 |    7 |       40 |
|   1015 |    3 |       45 |
|   1010 |    2 |      100 |
+--------+------+----------+
5 rows in set (0.00 sec)


----------------------------------------------------------------------------------------------------------------------------------------------

   3. Delete the purchase details of product ‘pen’ in the in_id ‘1004’. 


mysql> select * from Invoice_item;
+--------+------+----------+
| inv_id | pid  | quantity |
+--------+------+----------+
|   1004 |    1 |       50 |
|   1010 |    5 |       35 |
|   1008 |    7 |       40 |
|   1015 |    3 |       45 |
|   1010 |    2 |      100 |
+--------+------+----------+
5 rows in set (0.00 sec)

mysql> delete from Invoice_item where pid=1 and inv_id=1004;
Query OK, 1 row affected (0.05 sec)

mysql> select * from Invoice_item;
+--------+------+----------+
| inv_id | pid  | quantity |
+--------+------+----------+
|   1010 |    5 |       35 |
|   1008 |    7 |       40 |
|   1015 |    3 |       45 |
|   1010 |    2 |      100 |
+--------+------+----------+
4 rows in set (0.00 sec)


mysql> select * from STUDENT;
+---------+---------+------+------------------+--------+
| roll_no | Name    | age  | address          | gender |
+---------+---------+------+------------------+--------+
|   12341 | Maanas  |   21 |  thamarassery    | m      |
|   20054 | karthik |   22 |  malappuram      | m      |
|   23455 | sreya   |   21 |  thrissur        | f      |
|   32321 | akshay  |   24 |  kunnamangalam   | m      |
|   65432 | vyshnav |   22 |  perinthalmanna  | m      |
|   65732 | vishnu  |   22 |  thamarassery    | m      |
|   89233 | anjana  |   23 |  wayanad         | f      |
+---------+---------+------+------------------+--------+
7 rows in set (0.00 sec)

mysql> delete from STUDENT;
Query OK, 7 rows affected (0.05 sec)

mysql> select * from STUDENT;
Empty set (0.00 sec)


----------------------------------------------------------------------------------------------------------------------------------------------


 4. Delete details of employees who does not have phone number.


mysql> select * from Customer;
+-----+---------+----------------+------------+-----------+
| id  | name    | address        | city       | ph_no     |
+-----+---------+----------------+------------+-----------+
| 100 | Maanas  | kalanthode     | mukkam     | 999275288 |
| 101 | ashwin  | thamarssery    | calicut    |  99345672 |
| 102 | hari    | mannarkad      | palakkad   | 987654322 |
| 103 | hiba    | anakayam       | malappuram |  98456732 |
| 104 | karthik | perinthalmanna | malappuram | 984534567 |
| 105 | sreya   | kunnamkulam    | thrissur   | 984321567 |
| 106 | minhaj  | edavanna       | malappuram |      NULL |
+-----+---------+----------------+------------+-----------+
7 rows in set (0.01 sec)

mysql> delete from Customer where ph_no is null;
Query OK, 1 row affected (0.04 sec)

mysql> select * from Customer;
+-----+---------+----------------+------------+-----------+
| id  | name    | address        | city       | ph_no     |
+-----+---------+----------------+------------+-----------+
| 100 | Maanas  | kalanthode     | mukkam     | 999275288 |
| 101 | ashwin  | thamarssery    | calicut    |  99345672 |
| 102 | hari    | mannarkad      | palakkad   | 987654322 |
| 103 | hiba    | anakayam       | malappuram |  98456732 |
| 104 | karthik | perinthalmanna | malappuram | 984534567 |
| 105 | sreya   | kunnamkulam    | thrissur   | 984321567 |
+-----+---------+----------------+------------+-----------+
6 rows in set (0.00 sec)

   
-------------------------------------------------------------------------------------------------------------------------------------------------


 
5. Delete all records from STUDENT table. 

mysql> select * from STUDENT;
+---------+---------+------+------------------+--------+
| roll_no | Name    | age  | address          | gender |
+---------+---------+------+------------------+--------+
|   12341 | Maanas  |   21 |  thamarassery    | m      |
|   20054 | karthik |   22 |  malappuram      | m      |
|   23455 | sreya   |   21 |  thrissur        | f      |
|   32321 | akshay  |   24 |  kunnamangalam   | m      |
|   65432 | vyshnav |   22 |  perinthalmanna  | m      |
|   65732 | vishnu  |   22 |  thamarassery    | m      |
|   89233 | anjana  |   23 |  wayanad         | f      |
+---------+---------+------+------------------+--------+
7 rows in set (0.00 sec)

mysql> delete from STUDENT;
Query OK, 7 rows affected (0.05 sec)

mysql> select * from STUDENT;
Empty set (0.00 sec)


-----------------------------------------------------------------------------------------------------------------------------------------

6. Delete Invoice details of a particular customer.

mysql> select * from Invoice_master;
+--------+---------+------------+
| inv_id | cust_id | inv_date   |
+--------+---------+------------+
|   1002 |     100 | 2023-03-22 |
|   1003 |     100 | 2024-01-05 |
|   1004 |     102 | 2023-05-10 |
|   1005 |     103 | 2023-09-29 |
|   1008 |     100 | 2023-03-22 |
|   1010 |     104 | 2023-04-18 |
|   1015 |     105 | 2023-07-15 |
+--------+---------+------------+
7 rows in set (0.00 sec)

mysql> delete from Invoice_master where cust_id=102;
Query OK, 1 row affected (0.06 sec)

mysql> select * from Invoice_master;
+--------+---------+------------+
| inv_id | cust_id | inv_date   |
+--------+---------+------------+
|   1002 |     100 | 2023-03-22 |
|   1003 |     100 | 2024-01-05 |
|   1005 |     103 | 2023-09-29 |
|   1008 |     100 | 2023-03-22 |
|   1010 |     104 | 2023-04-18 |
|   1015 |     105 | 2023-07-15 |
+--------+---------+------------+
6 rows in set (0.00 sec)


--------------------------------------------------------------------------------------------------------------------------------------------
