                Experiment No: 1.4 ACCESSING DATABASE: 
          (SELECT, Filtering using WHERE, HAVING,  ORDER BY Clauses)
---------------------------------------------------------------------------------------------------


1.    List all customer details.



mysql> select * from Customer;
+-----+---------+----------------+------------+-----------+
| id  | name    | address        | city       | ph_no     |
+-----+---------+----------------+------------+-----------+
| 100 | Maanas  | kalanthode     | mukkam     | 999275288 |
| 101 | ashwin  | thamarssery    | calicut    |  99345672 |
| 102 | hari    | mannarkad      | palakkad   | 987654322 |
| 103 | hiba    | anakayam       | malappuram |  98456732 |
| 104 | karthik | perinthalmanna | malappuram | 984534567 |
| 105 | sreya   | kunnamkulam    | thrissur   | 984321567 |
+-----+---------+----------------+------------+-----------+
6 rows in set (0.00 sec)


-------------------------------------------------------------------------------------------------------------------------------------


2.    List pname, price of all products.


mysql> select pname,price from Product;
+--------+-------+
| pname  | price |
+--------+-------+
| pen    |    10 |
| book   |    51 |
| pencil |     5 |
| eraser |     3 |
| scale  |     5 |
| box    |    51 |
| bag    |   663 |
+--------+-------+
7 rows in set (0.00 sec)

---------------------------------------------------------------------------------------------------------------------------------------------------------


3.    List all invoice items, avoid duplicates.


mysql> select distinct inv_id from Invoice_item;
+--------+
| inv_id |
+--------+
|   1008 |
|   1010 |
|   1015 |
+--------+
3 rows in set (0.01 sec)

----------------------------------------------------------------------------------------------------------------------------------------------------------

4.    List product price between 50rs and 700rs



mysql> select * from Product where price between 50 and 700;
+-----+-------+-------+
| pid | pname | price |
+-----+-------+-------+
|   2 | book  |    51 |
|   6 | box   |    51 |
|   7 | bag   |   663 |
+-----+-------+-------+
3 rows in set (0.00 sec)

---------------------------------------------------------------------------------------------------------------------------------------------------------

5.    List the customer details who lives in malappuram’,’thrissur’.



mysql> select * from Customer where city in('malappuram','thrissur');
+-----+---------+----------------+------------+-----------+
| id  | name    | address        | city       | ph_no     |
+-----+---------+----------------+------------+-----------+
| 103 | hiba    | anakayam       | malappuram |  98456732 |
| 104 | karthik | perinthalmanna | malappuram | 984534567 |
| 105 | sreya   | kunnamkulam    | thrissur   | 984321567 |
+-----+---------+----------------+------------+-----------+
3 rows in set (0.01 sec)

---------------------------------------------------------------------------------------------------------------------------------------------------------

6.    List the invoice details from 1st January 2023 to 15th February 2023


mysql> select * from Invoice_master where inv_date between '2023-03-20' and '2023-04-20';
+--------+---------+------------+
| inv_id | cust_id | inv_date   |
+--------+---------+------------+
|   1002 |     100 | 2023-03-22 |
|   1008 |     100 | 2023-03-22 |
|   1010 |     104 | 2023-04-18 |
+--------+---------+------------+
3 rows in set (0.00 sec)

----------------------------------------------------------------------------------------------------------------------------------------------------------

7.    List the customer details who not live in ‘malappuram’.



mysql> select * from Customer where city!='malappuram';
+-----+--------+-------------+----------+-----------+
| id  | name   | address     | city     | ph_no     |
+-----+--------+-------------+----------+-----------+
| 100 | Maanas | kalanthode  | mukkam   | 999275288 |
| 101 | ashwin | thamarssery | calicut  |  99345672 |
| 102 | hari   | mannarkad   | palakkad | 987654322 |
| 105 | sreya  | kunnamkulam | thrissur | 984321567 |
+-----+--------+-------------+----------+-----------+
4 rows in set (0.00 sec)

----------------------------------------------------------------------------------------------------------------------------------------------------------

8.    List the customers who have no phone number.


mysql> select * from Customer where ph_no is NULL;
+-----+---------+----------+---------+-------+
| id  | name    | address  | city    | ph_no |
+-----+---------+----------+---------+-------+
| 106 | minhaj  | edavanna | manjeri |  NULL |
| 107 | nileena | irutty   | kannur  |  NULL |
+-----+---------+----------+---------+-------+
2 rows in set (0.00 sec)

---------------------------------------------------------------------------------------------------------------------------------------------------------

9.    Display customer names in descending order.


mysql> select * from Customer order by name desc;
+-----+---------+----------------+------------+-----------+
| id  | name    | address        | city       | ph_no     |
+-----+---------+----------------+------------+-----------+
| 105 | sreya   | kunnamkulam    | thrissur   | 984321567 |
| 107 | nileena | irutty         | kannur     |      NULL |
| 106 | minhaj  | edavanna       | manjeri    |      NULL |
| 100 | Maanas  | kalanthode     | mukkam     | 999275288 |
| 104 | karthik | perinthalmanna | malappuram | 984534567 |
| 103 | hiba    | anakayam       | malappuram |  98456732 |
| 102 | hari    | mannarkad      | palakkad   | 987654322 |
| 101 | ashwin  | thamarssery    | calicut    |  99345672 |
+-----+---------+----------------+------------+-----------+
8 rows in set (0.00 sec)
-------------------------------------------------------------------------------------------------------------------------------------
10. Display the customer details sorted in ascending by city and descending by names.


mysql> select * from Customer order by city asc,name desc;
+-----+---------+----------------+------------+-----------+
| id  | name    | address        | city       | ph_no     |
+-----+---------+----------------+------------+-----------+
| 101 | ashwin  | thamarssery    | calicut    |  99345672 |
| 107 | nileena | irutty         | kannur     |      NULL |
| 104 | karthik | perinthalmanna | malappuram | 984534567 |
| 103 | hiba    | anakayam       | malappuram |  98456732 |
| 106 | minhaj  | edavanna       | manjeri    |      NULL |
| 100 | Maanas  | kalanthode     | mukkam     | 999275288 |
| 102 | hari    | mannarkad      | palakkad   | 987654322 |
| 105 | sreya   | kunnamkulam    | thrissur   | 984321567 |
+-----+---------+----------------+------------+-----------+
8 rows in set (0.00 sec)

---------------------------------------------------------------------------------------------------------------------------------------------
11. Find the customer names start with ‘A’.


mysql> select name from Customer where name like'a%';
+--------+
| name   |
+--------+
| ashwin |
+--------+
1 row in set (0.00 sec)
----------------------------------------------------------------------------------------------------------------------------------------------

12. Find the customer names who have ‘e’ or ‘a’ in them.

mysql> select name from Customer where name like '%a%' or '%e%';
+---------+
| name    |
+---------+
| Maanas  |
| ashwin  |
| hari    |
| hiba    |
| karthik |
| sreya   |
| minhaj  |
| nileena |
+---------+
8 rows in set, 1 warning (0.00 sec)


---------------------------------------------------------------------------------------------------------------------------------------------
13. Find the customer names who have at least 3 characters.


mysql> select name from Customer  where name like '___%';
+---------+
| name    |
+---------+
| Maanas  |
| ashwin  |
| hari    |
| hiba    |
| karthik |
| sreya   |
| minhaj  |
| nileena |
+---------+
8 rows in set (0.00 sec)

----------------------------------------------------------------------------------------------------------------------------------------------


14. List the names of customers their names have ‘r’ in second position.



mysql>  select name from Customer  where name like '_r%';
+-------+
| name  |
+-------+
| sreya |
+-------+
1 row in set (0.00 sec)


----------------------------------------------------------------------------------------------------------------------------------------------



15. Find the customer names start with ‘a’ and are at least 3 characters in length.



mysql> select name from Customer  where name like 'a__%';
+--------+
| name   |
+--------+
| ashwin |
+--------+
1 row in set (0.00 sec)

