1.      Create a table EMPLOYEE have the following fields (emp_id, name,city,dob,adhar_no)

mysql>create table EMPLOYEE(emp_id int,name varchar(20),city varchar(20),dob date,adhar_no int);

Query OK, 0 rows affected (0.25 sec)

mysql>desc EMPLOYEE;
+----------+-------------+------+-----+---------+-------+
| Field    | Type        | Null | Key | Default | Extra |
+----------+-------------+------+-----+---------+-------+
| emp_id   | int(11)     | YES  |     | NULL    |       |
| name     | varchar(20) | YES  |     | NULL    |       |
| city     | varchar(20) | YES  |     | NULL    |       |
| dob      | date        | YES  |     | NULL    |       |
| adhar_no | int(11)     | YES  |     | NULL    |       |
+----------+-------------+------+-----+---------+-------+

5 rows in set (0.00 sec)

 2.      Create a table STUDENT have the fields(roll_no, name, age, address, gender)and add following constraints on it.

               Roll_no – Primary key
               Name – does not allow null values
               Age- must be in between (0-99), does not allow null  values
               Gender- default value is ‘m’

mysql>create table STUDENT(roll_no int primary key,
Name varchar(20) not null,
Age int CHECK( age>=0 and age<=99),
Gender varchar(10)  DEFAULT "m");

Query OK, 0 rows affected (0.22 sec)

mysql> create table STUDENT(roll_no int primary key,
 Name varchar(20) not null,
age int not null CHECK( age>=0 and age<=99)
,address varchar(100),
gender varchar(20) default 'm');
Query OK, 0 rows affected (0.32 sec)

mysql> desc STUDENT;
+---------+--------------+------+-----+---------+-------+
| Field   | Type         | Null | Key | Default | Extra |
+---------+--------------+------+-----+---------+-------+
| roll_no | int(11)      | NO   | PRI | NULL    |       |
| Name    | varchar(20)  | NO   |     | NULL    |       |
| age     | int(11)      | NO   |     | NULL    |       |
| address | varchar(100) | YES  |     | NULL    |       |
| gender  | varchar(20)  | YES  |     | m       |       |
+---------+--------------+------+-----+---------+-------+
5 rows in set (0.00 sec)




 3.      Create a temporary table STUDENT1 of STUDENT relation.

 mysql> create temporary table STUDENT1 select * from STUDENT;
Query OK, 0 rows affected (0.02 sec)
Records: 0  Duplicates: 0  Warnings: 0

mysql> desc STUDENT1;
+---------+--------------+------+-----+---------+-------+
| Field   | Type         | Null | Key | Default | Extra |
+---------+--------------+------+-----+---------+-------+
| roll_no | int(11)      | NO   |     | NULL    |       |
| Name    | varchar(20)  | NO   |     | NULL    |       |
| age     | int(11)      | NO   |     | NULL    |       |
| address | varchar(100) | YES  |     | NULL    |       |
| gender  | varchar(20)  | YES  |     | m       |       |
+---------+--------------+------+-----+---------+-------+
5 rows in set (0.00 sec)



4.   Create a duplicate table of EMPLOYEE.
 
   mysql> create table if not exists EMPLOYEE_DUP select * from EMPLOYEE;
Query OK, 0 rows affected (0.18 sec)
Records: 0  Duplicates: 0  Warnings: 0

 mysql> DESC EMPLOYEE_DUP;
+----------+-------------+------+-----+---------+-------+
| Field    | Type        | Null | Key | Default | Extra |
+----------+-------------+------+-----+---------+-------+
| emp_id   | int(11)     | YES  |     | NULL    |       |
| name     | varchar(25) | YES  |     | NULL    |       |
| city     | varchar(50) | YES  |     | NULL    |       |
| dob      | date        | YES  |     | NULL    |       |
| adhar_no | int(11)     | YES  |     | NULL    |       |
+----------+-------------+------+-----+---------+-------+
5 rows in set (0.00 sec)


  5.        Create an INVOICE database and having following tables.

                      Customer(id, name, address, city, ph_no)
                      Product(pid,  pname, price (default 0))
                      Invoice_master(inv_id, cust_id(FK), inv_date)
                      Invoice_item(inv_id (FK),  pid(FK), quantity)

mysql>create database INVOICE;
  Query OK, 1 row affected (0.00 sec)

mysql>use INVOICE;

//table customer
 mysql> create table Customer(id int primary key,name varchar(20),address  varchar(100),city varchar(20),ph_no int);
Query OK, 0 rows affected (0.19 sec)

mysql>desc Customer;
+---------+--------------+------+-----+---------+-------+
| Field   | Type         | Null | Key | Default | Extra |
+---------+--------------+------+-----+---------+-------+
| id      | int(11)      | NO   | PRI | NULL    |       |
| name    | varchar(20)  | YES  |     | NULL    |       |
| address | varchar(100) | YES  |     | NULL    |       |
| city    | varchar(20)  | YES  |     | NULL    |       |
| ph_no   | int(11)      | YES  |     | NULL    |       |
+---------+--------------+------+-----+---------+-------+
5 rows in set (0.01 sec)

//table product
 mysql>create table Product(pid int primary key,pname varchar(50),price int DEFAULT 0);
Query OK, 0 rows affected (0.19 sec)

 mysql>desc Product;
+-------+-------------+------+-----+---------+-------+
| Field | Type        | Null | Key | Default | Extra |
+-------+-------------+------+-----+---------+-------+
| pid   | int(11)     | NO   | PRI | NULL    |       |
| pname | varchar(50) | YES  |     | NULL    |       |
| price | int(11)     | YES  |     | 0       |       |
+-------+-------------+------+-----+---------+-------+
3 rows in set (0.00 sec)

//table Invoice_master

mysql>create table Invoice_master(
inv_id int primary key, 
cust_id int,
inv_date date,
foreign key(cust_id) references Customer(id));
Query OK, 0 rows affected (0.20 sec)

mysql>desc Invoice_master;
+----------+---------+------+-----+---------+-------+
| Field    | Type    | Null | Key | Default | Extra |
+----------+---------+------+-----+---------+-------+
| inv_id   | int(11) | NO   | PRI | NULL    |       |
| cust_id  | int(11) | YES  | MUL | NULL    |       |
| inv_date | date    | YES  |     | NULL    |       |
+----------+---------+------+-----+---------+-------+
3 rows in set (0.00 sec)


//table Invoice_item

mysql>create table Invoice_item( inv_id int,pid int,
quantity int,
foreign key(inv_id) references Invoice_master(inv_id),
foreign key(pid) references Product(pid));
Query OK, 0 rows affected (0.24 sec)

mysql>desc Invoice_item;
+----------+---------+------+-----+---------+-------+
| Field    | Type    | Null | Key | Default | Extra |
+----------+---------+------+-----+---------+-------+
| inv_id   | int(11) | YES  | MUL | NULL    |       |
| pid      | int(11) | YES  | MUL | NULL    |       |
| quantity | int(11) | YES  |     | NULL    |       |
+----------+---------+------+-----+---------+-------+
3 rows in set (0.00 sec)
//ADD HEADDINGS
//VERIFIED
