                                     1.5  ACCESSING DATABASE: (SUBQUERY)
                                     ------------------------------------




1.    List the customer names of invoice date 22rd March 2023.



mysql> select * from Invoice_master;
+--------+---------+------------+
| inv_id | cust_id | inv_date   |
+--------+---------+------------+
|   1002 |     100 | 2023-03-22 |
|   1003 |     100 | 2024-01-05 |
|   1005 |     103 | 2023-09-29 |
|   1008 |     100 | 2023-03-22 |
|   1010 |     104 | 2023-04-18 |
|   1015 |     105 | 2023-07-15 |
+--------+---------+------------+
6 rows in set (0.00 sec)

mysql> select * from Customer;
+-----+---------+----------------+------------+-----------+
| id  | name    | address        | city       | ph_no     |
+-----+---------+----------------+------------+-----------+
| 100 | Maanas  | kalanthode     | mukkam     | 999275288 |
| 101 | ashwin  | thamarssery    | calicut    |  99345672 |
| 102 | hari    | mannarkad      | palakkad   | 987654322 |
| 103 | hiba    | anakayam       | malappuram |  98456732 |
| 104 | karthik | perinthalmanna | malappuram | 984534567 |
| 105 | sreya   | kunnamkulam    | thrissur   | 984321567 |
| 106 | minhaj  | edavanna       | manjeri    |      NULL |
| 107 | nileena | irutty         | kannur     |      NULL |
+-----+---------+----------------+------------+-----------+
8 rows in set (0.00 sec)


mysql>  select name from Customer where id in (select cust_id  from Invoice_mast
er where inv_date='2023-03-22');
+--------+
| name   |
+--------+
| Maanas |
+--------+
1 row in set (0.00 sec)



----------------------------------------------------------------------------------------------------------------------------------------------


2.    List the product name and price of each invoice item.


mysql> select * from Product;
+-----+--------+-------+
| pid | pname  | price |
+-----+--------+-------+
|   1 | pen    |    10 |
|   2 | book   |    51 |
|   3 | pencil |     5 |
|   4 | eraser |     3 |
|   5 | scale  |     5 |
|   6 | box    |    51 |
|   7 | bag    |   663 |
+-----+--------+-------+
7 rows in set (0.00 sec)

mysql> select * from Invoice_item;
+--------+------+----------+
| inv_id | pid  | quantity |
+--------+------+----------+
|   1010 |    5 |       35 |
|   1008 |    7 |       40 |
|   1015 |    3 |       45 |
|   1010 |    2 |      100 |
+--------+------+----------+
4 rows in set (0.00 sec)


mysql>  select pname,price from Product where pid in(select pid from Invoice_item);
+--------+-------+
| pname  | price |
+--------+-------+
| book   |    51 |
| pencil |     5 |
| scale  |     5 |
| bag    |   663 |
+--------+-------+
4 rows in set (0.00 sec)

----------------------------------------------------------------------------------------------------------------------------------------------



3.    List the product names, only include their purchased quantity more than 40.


mysql> select * from Product;
+-----+--------+-------+
| pid | pname  | price |
+-----+--------+-------+
|   1 | pen    |    10 |
|   2 | book   |    51 |
|   3 | pencil |     5 |
|   4 | eraser |     3 |
|   5 | scale  |     5 |
|   6 | box    |    51 |
|   7 | bag    |   663 |
+-----+--------+-------+
7 rows in set (0.00 sec)

mysql> select * from Invoice_item;
+--------+------+----------+
| inv_id | pid  | quantity |
+--------+------+----------+
|   1010 |    5 |       35 |
|   1008 |    7 |       40 |
|   1015 |    3 |       45 |
|   1010 |    2 |      100 |
+--------+------+----------+
4 rows in set (0.00 sec)


mysql>  select pname from Product where pid in(select pid from Invoice_item where quantity>40);
+--------+
| pname  |
+--------+
| pencil |
| book   |
+--------+
2 rows in set (0.00 sec)


----------------------------------------------------------------------------------------------------------------------------------------------


4.    Find the product that has no sale.

mysql> select * from Product;
+-----+--------+-------+
| pid | pname  | price |
+-----+--------+-------+
|   1 | pen    |    10 |
|   2 | book   |    51 |
|   3 | pencil |     5 |
|   4 | eraser |     3 |
|   5 | scale  |     5 |
|   6 | box    |    51 |
|   7 | bag    |   663 |
+-----+--------+-------+
7 rows in set (0.00 sec)

mysql> select * from Invoice_item;
+--------+------+----------+
| inv_id | pid  | quantity |
+--------+------+----------+
|   1010 |    5 |       35 |
|   1008 |    7 |       40 |
|   1015 |    3 |       45 |
|   1010 |    2 |      100 |
+--------+------+----------+
4 rows in set (0.00 sec)



mysql>  select pname from Product where pid not in(select pid from Invoice_item);
+--------+
| pname  |
+--------+
| pen    |
| eraser |
| box    |
+--------+
3 rows in set (0.00 sec)

mysql> 


----------------------------------------------------------------------------------------------------------------------------------------------


5.    List the customer names who purchased the items ‘pen’ and ‘pencil’.


mysql> select * from Customer;
+-----+---------+----------------+------------+-----------+
| id  | name    | address        | city       | ph_no     |
+-----+---------+----------------+------------+-----------+
| 100 | Maanas  | kalanthode     | mukkam     | 999275288 |
| 101 | ashwin  | thamarssery    | calicut    |  99345672 |
| 102 | hari    | mannarkad      | palakkad   | 987654322 |
| 103 | hiba    | anakayam       | malappuram |  98456732 |
| 104 | karthik | perinthalmanna | malappuram | 984534567 |
| 105 | sreya   | kunnamkulam    | thrissur   | 984321567 |
| 106 | minhaj  | edavanna       | manjeri    |      NULL |
| 107 | nileena | irutty         | kannur     |      NULL |
+-----+---------+----------------+------------+-----------+
8 rows in set (0.00 sec)

mysql> select * from Invoice_master;
+--------+---------+------------+
| inv_id | cust_id | inv_date   |
+--------+---------+------------+
|   1002 |     100 | 2023-03-22 |
|   1003 |     100 | 2024-01-05 |
|   1005 |     103 | 2023-09-29 |
|   1008 |     100 | 2023-03-22 |
|   1010 |     104 | 2023-04-18 |
|   1015 |     105 | 2023-07-15 |
+--------+---------+------------+
6 rows in set (0.00 sec)

mysql> select * from Product;
+-----+--------+-------+
| pid | pname  | price |
+-----+--------+-------+
|   1 | pen    |    10 |
|   2 | book   |    51 |
|   3 | pencil |     5 |
|   4 | eraser |     3 |
|   5 | scale  |     5 |
|   6 | box    |    51 |
|   7 | bag    |   663 |
+-----+--------+-------+
7 rows in set (0.00 sec)

mysql> select * from Invoice_item;
+--------+------+----------+
| inv_id | pid  | quantity |
+--------+------+----------+
|   1010 |    5 |       35 |
|   1008 |    7 |       40 |
|   1015 |    3 |       45 |
|   1010 |    2 |      100 |
+--------+------+----------+
4 rows in set (0.00 sec)


mysql> select name from Customer where id in (select cust_id from Invoice_master where inv_id in(select inv_id from Invoice_item where Pid in(select pid from Product where pname='pen' or(select pid from Product where pname='pencil'))));
+---------+
| name    |
+---------+
| Maanas  |
| karthik |
| sreya   |
+---------+
3 rows in set (0.01 sec)


----------------------------------------------------------------------------------------------------------------------------------------------


6.    Display the purchased product details of the customer ’xyz’.



mysql> select * from Customer;
+-----+---------+----------------+------------+-----------+
| id  | name    | address        | city       | ph_no     |
+-----+---------+----------------+------------+-----------+
| 100 | Maanas  | kalanthode     | mukkam     | 999275288 |
| 101 | ashwin  | thamarssery    | calicut    |  99345672 |
| 102 | hari    | mannarkad      | palakkad   | 987654322 |
| 103 | hiba    | anakayam       | malappuram |  98456732 |
| 104 | karthik | perinthalmanna | malappuram | 984534567 |
| 105 | sreya   | kunnamkulam    | thrissur   | 984321567 |
| 106 | minhaj  | edavanna       | manjeri    |      NULL |
| 107 | nileena | irutty         | kannur     |      NULL |
+-----+---------+----------------+------------+-----------+
8 rows in set (0.00 sec)

mysql> select * from Invoice_master;
+--------+---------+------------+
| inv_id | cust_id | inv_date   |
+--------+---------+------------+
|   1002 |     100 | 2023-03-22 |
|   1003 |     100 | 2024-01-05 |
|   1005 |     103 | 2023-09-29 |
|   1008 |     100 | 2023-03-22 |
|   1010 |     104 | 2023-04-18 |
|   1015 |     105 | 2023-07-15 |
+--------+---------+------------+
6 rows in set (0.00 sec)

mysql> select * from Product;
+-----+--------+-------+
| pid | pname  | price |
+-----+--------+-------+
|   1 | pen    |    10 |
|   2 | book   |    51 |
|   3 | pencil |     5 |
|   4 | eraser |     3 |
|   5 | scale  |     5 |
|   6 | box    |    51 |
|   7 | bag    |   663 |
+-----+--------+-------+
7 rows in set (0.00 sec)

mysql> select * from Invoice_item;
+--------+------+----------+
| inv_id | pid  | quantity |
+--------+------+----------+
|   1010 |    5 |       35 |
|   1008 |    7 |       40 |
|   1015 |    3 |       45 |
|   1010 |    2 |      100 |
+--------+------+----------+
4 rows in set (0.00 sec)

mysql> select pname,price from Product where pid in(select pid from Invoice_item where inv_id in(select inv_id from Invoice_master where cust_id in(select id from Customer where name='karthik')));
+-------+-------+
| pname | price |
+-------+-------+
| scale |     5 |
| book  |    51 |
+-------+-------+
2 rows in set (0.00 sec)

----------------------------------------------------------------------------------------------------------------------------------------------

7.    List the names of all customers who have purchased at least 2 products, make sure that no duplicate names in the result.
Class comments

mysql> select name from Customer where id in(select cust_id from Invoice_master
where inv_id in(select inv_id from Invoice_item group by inv_id having count(inv_id)>=2));
+---------+
| name    |
+---------+
| karthik |
+---------+
1 row in set (0.00 sec)

