Exercise - 1.9 Optimizing Database: Using set,arithmetic logical and special operator
                -------------------------------------------



mysql> select * from Customer;
+-----+----------+----------------+------------+-----------+
| id  | name     | address        | city       | ph_no     |
+-----+----------+----------------+------------+-----------+
| 100 | Maanas   | kalanthode     | mukkam     | 999275288 |
| 101 | ashwin   | thamarssery    | calicut    |  99345672 |
| 102 | hari     | mannarkad      | palakkad   | 987654322 |
| 103 | hiba     | anakayam       | malappuram |  98456732 |
| 104 | karthik  | perinthalmanna | malappuram | 984534567 |
| 105 | sreya    | kunnamkulam    | thrissur   | 984321567 |
| 106 | minhaj   | edavanna       | manjeri    |      NULL |
| 107 | nileena  | irutty         | kannur     |      NULL |
| 108 | ashwathy | vadakara       | malappuram | 994321567 |
+-----+----------+----------------+------------+-----------+
9 rows in set (0.00 sec)

mysql> select * from Product;
+-----+--------+-------+
| pid | pname  | price |
+-----+--------+-------+
|   1 | pen    |    10 |
|   2 | book   |    51 |
|   3 | pencil |     5 |
|   4 | eraser |     3 |
|   5 | scale  |     5 |
|   6 | box    |    51 |
|   7 | bag    |   663 |
+-----+--------+-------+
7 rows in set (0.00 sec)

mysql> select * from Invoice_item;
+--------+------+----------+
| inv_id | pid  | quantity |
+--------+------+----------+
|   1010 |    5 |       35 |
|   1008 |    7 |       40 |
|   1015 |    3 |       45 |
|   1010 |    2 |      100 |
+--------+------+----------+
4 rows in set (0.00 sec)

---------------------------------------------------------------------------------------------------------------------------
1.Display customer_id, city  who lives either in ‘manjeri’ or in ‘kannur’


mysql> select id,city from Customer where city ="manjeri" or  city ="kannur";
+-----+---------+
| id  | city    |
+-----+---------+
| 106 | manjeri |
| 107 | kannur  |
+-----+---------+
2 rows in set (0.00 sec)

---------------------------------------------------------------------------------------------------------------------------


2.Display product details with an updated price amount(new price= old price+5rs)

mysql> select * from Product;
+-----+--------+-------+
| pid | pname  | price |
+-----+--------+-------+
|   1 | pen    |    10 |
|   2 | book   |    51 |
|   3 | pencil |     5 |
|   4 | eraser |     3 |
|   5 | scale  |     5 |
|   6 | box    |    51 |
|   7 | bag    |   663 |
+-----+--------+-------+
7 rows in set (0.00 sec)

mysql> update Product set price=price+5;
Query OK, 7 rows affected (0.06 sec)
Rows matched: 7  Changed: 7  Warnings: 0

mysql> select * from Product;
+-----+--------+-------+
| pid | pname  | price |
+-----+--------+-------+
|   1 | pen    |    15 |
|   2 | book   |    56 |
|   3 | pencil |    10 |
|   4 | eraser |     8 |
|   5 | scale  |    10 |
|   6 | box    |    56 |
|   7 | bag    |   668 |
+-----+--------+-------+
7 rows in set (0.00 sec)


---------------------------------------------------------------------------------------------------------------------------


3.Display customer details who doesn’t have phone number and lives in ‘Kannur’ city (use logical operators)


mysql> select * from Customer where ph_no is null and city="Kannur";
+-----+---------+---------+--------+-------+
| id  | name    | address | city   | ph_no |
+-----+---------+---------+--------+-------+
| 107 | nileena | irutty  | kannur |  NULL |
+-----+---------+---------+--------+-------+
1 row in set (0.00 sec)


---------------------------------------------------------------------------------------------------------------------------

4.List the product names if it finds any records in the invoice items table has quantity =35 (use special operators)



mysql> select pname from Product where pid in(select pid from Invoice_item where quantity=35);
+-------+
| pname |
+-------+
| scale |
+-------+
1 row in set (0.00 sec)

//VERIFIED
